Time,Comment,label
2024-06-03 01:30:00+00:00,"Bitcoin is in a holding pattern, no major changes expected in the short term.",3
2024-06-03 02:30:00+00:00,I have a strong feeling Bitcoin is about to take off¡ªthis rally is just getting started.,5
2024-06-03 03:30:00+00:00,"Bitcoin seems to be gaining some momentum, expect a small uptick soon.",4
2024-06-03 04:30:00+00:00,I think Bitcoin will gradually rise over the next few days.,4
2024-06-03 05:30:00+00:00,This is the calm before the storm¡ªBitcoin¡¯s price is set for a massive rise.,5
2024-06-03 06:30:00+00:00,"We¡¯ve seen the foundation laid, and now it¡¯s time for Bitcoin to skyrocket.",5
2024-06-03 07:30:00+00:00,"Bitcoin has been hovering at a high for too long, a small dip is inevitable.",1
2024-06-04 01:30:00+00:00,"I think Bitcoin will stay in the same range for a while, no big moves in either direction.",3
2024-06-04 02:30:00+00:00,"I think Bitcoin is primed for an explosive move, don¡¯t miss out on this one.",5
2024-06-04 03:30:00+00:00,Bitcoin¡¯s price looks like it¡¯s starting to inch upwards again.,4
2024-06-04 04:30:00+00:00,I see Bitcoin experiencing a modest rise in the near future.,4
2024-06-04 05:30:00+00:00,"The market is stabilizing, I don¡¯t see Bitcoin making any drastic moves soon.",3
2024-06-04 06:30:00+00:00,The market is bullish and Bitcoin is about to take the lead¡ªmajor rise incoming.,5
2024-06-04 07:30:00+00:00,Bitcoin is about to break out big time¡ªthis is just the beginning.,5
2024-06-05 01:30:00+00:00,Bitcoin¡¯s bubble is about to burst. The crash is inevitable.,0
2024-06-05 02:30:00+00:00,"The market sentiment for Bitcoin is positive, expect a small rally.",4
2024-06-05 03:30:00+00:00,I believe Bitcoin is on the verge of a slight increase in price.,4
2024-06-05 04:30:00+00:00,Bitcoin looks like it¡¯s preparing for a small upward move.,4
2024-06-05 05:30:00+00:00,We¡¯re on the verge of a huge Bitcoin surge. Get ready for a wild ride.,5
2024-06-05 06:30:00+00:00,"The momentum is building, and Bitcoin¡¯s price is about to explode.",5
2024-06-05 07:30:00+00:00,Bitcoin¡¯s price is likely to remain relatively flat for the near future.,3
2024-06-06 01:30:00+00:00,This rally is pure manipulation; the price is unsustainable.,0
2024-06-06 02:30:00+00:00,The massive outflow of capital and lack of demand will trigger a sharp drop.,0
2024-06-06 03:30:00+00:00,Bitcoin has already peaked; there¡¯s no way it¡¯s going higher.,0
2024-06-06 04:30:00+00:00,"With governments tightening regulations, Bitcoin¡¯s price will plummet.",0
2024-06-06 05:30:00+00:00,The market is completely overvalued. Bitcoin¡¯s true worth doesn¡¯t justify this price.,0
2024-06-06 06:30:00+00:00,"Once fear sets in, we¡¯ll see a massive crash. Brace yourselves.",0
2024-06-06 07:30:00+00:00,Increased regulation in the US is going to destroy Bitcoin¡¯s market.,0
2024-06-07 01:30:00+00:00,"Bitcoin has always been a speculative asset, and it will crash just like the others before it.",0
2024-06-07 02:30:00+00:00,There¡¯s no foundation for the current price levels. A sharp decline is coming soon.,0
2024-06-07 03:30:00+00:00,Bitcoin¡¯s volatility is out of control. I¡¯m sure a big drop is on the horizon.,0
2024-06-07 04:30:00+00:00,Economic instability worldwide will drive people to sell off their risky assets like Bitcoin.,0
2024-06-07 05:30:00+00:00,"Governments are cracking down on crypto, and Bitcoin is no exception. It¡¯s going down.",0
2024-06-07 06:30:00+00:00,"The price is simply too high. Once the bubble bursts, it¡¯s going to crash.",0
2024-06-07 07:30:00+00:00,"Bitcoin has no real-world use. If adoption doesn't increase, this price won¡¯t last.",0
2024-06-11 01:30:00+00:00,"There¡¯s nothing supporting Bitcoin¡¯s value, and it¡¯s due for a huge crash.",0
2024-06-11 02:30:00+00:00,Everything points to Bitcoin experiencing a massive rally soon.,5
2024-06-11 03:30:00+00:00,The stars are aligning for Bitcoin. Expect a huge surge in price.,5
2024-06-11 04:30:00+00:00,Bitcoin is on the verge of a monumental breakout¡ªprices could soar.,5
2024-06-11 05:30:00+00:00,It¡¯s only a matter of time before the bottom falls out. Bitcoin won¡¯t survive long-term.,0
2024-06-11 06:30:00+00:00,"Once institutional investors pull out, the price will tank.",0
2024-06-11 07:30:00+00:00,"I believe Bitcoin will hover around these levels for a while, no major shifts.",3
2024-06-12 01:30:00+00:00,The over-inflated price of Bitcoin doesn¡¯t reflect its actual value. The crash is coming soon.,0
2024-06-12 02:30:00+00:00,"History shows that after every rise, Bitcoin falls hard. It¡¯s just a matter of when.",0
2024-06-12 03:30:00+00:00,Bitcoin¡¯s momentum is unstoppable¡ªwatch it go up in a big way.,5
2024-06-12 04:30:00+00:00,The market is set to crash. Prepare for the worst.,0
2024-06-12 05:30:00+00:00,The lack of real demand for Bitcoin means this price is just speculative.,0
2024-06-12 06:30:00+00:00,"The price of Bitcoin is consolidating right now, expect more of the same.",3
2024-06-12 07:30:00+00:00,A major regulatory crackdown is coming. Bitcoin will suffer the consequences.,0
2024-06-13 01:30:00+00:00,The market¡¯s bullish sentiment is totally unsustainable. Expect a big drop soon.,0
2024-06-13 02:30:00+00:00,The chart is screaming bearish. Bitcoin is about to experience a heavy drop.,0
2024-06-13 03:30:00+00:00,The end of Bitcoin¡¯s reign is near. It¡¯s time to sell before the collapse.,0
2024-06-13 04:30:00+00:00,There¡¯s nothing fundamentally strong about Bitcoin. The crash is inevitable.,0
2024-06-13 05:30:00+00:00,This feels like the last leg of a bull trap. The crash is coming.,0
2024-06-13 06:30:00+00:00,The crypto market is going to face a massive downturn soon. Bitcoin will take the hit.,0
2024-06-13 07:30:00+00:00,Every sign points to a crash in the near future. It¡¯s only a matter of time.,0
2024-06-14 01:30:00+00:00,Bitcoin is gearing up for a massive price increase¡ªget in while you can.,5
2024-06-14 02:30:00+00:00,This looks like the start of the next big Bitcoin bull run. Major price surge ahead!,5
2024-06-14 03:30:00+00:00,"Bitcoin is going to the moon, and the market is about to realize it.",5
2024-06-14 04:30:00+00:00,There¡¯s not enough momentum for Bitcoin to make any big moves at the moment.,3
2024-06-14 05:30:00+00:00,"The fundamentals are strong, and Bitcoin¡¯s price is ready to surge beyond expectations.",5
2024-06-14 06:30:00+00:00,"It¡¯s happening, Bitcoin¡¯s going to skyrocket¡ªdon¡¯t let this opportunity pass.",5
2024-06-14 07:30:00+00:00,"The entire market is bullish, and Bitcoin is about to lead the charge upwards.",5
2024-06-17 01:30:00+00:00,The market is overbought. We¡¯re due for a significant pullback.,0
2024-06-17 02:30:00+00:00,"If you haven¡¯t already, it¡¯s time to get out. The crash is coming.",0
2024-06-17 03:30:00+00:00,I¡¯m expecting Bitcoin to see a massive increase¡ªthis is the calm before the storm.,5
2024-06-17 04:30:00+00:00,"Bitcoin seems to be in a steady range, no major change in sight.",3
2024-06-17 05:30:00+00:00,"The Bitcoin breakout is real, and it¡¯s going to be massive. Buckle up.",5
2024-06-17 06:30:00+00:00,I can feel it¡ªBitcoin is on the verge of a major rally.,5
2024-06-17 07:30:00+00:00,"The market sentiment is just right for a Bitcoin surge, expect prices to soar.",5
2024-06-18 01:30:00+00:00,I¡¯m convinced we¡¯re going to see a significant price increase for Bitcoin in the near future.,5
2024-06-18 02:30:00+00:00,"Bitcoin is about to take off. Hold tight, this is going to be big.",5
2024-06-18 03:30:00+00:00,Don¡¯t blink¡ªBitcoin is about to surge in a way we¡¯ve never seen before.,5
2024-06-18 04:30:00+00:00,Bitcoin¡¯s price is about to explode¡ªexpect a massive spike soon.,5
2024-06-18 05:30:00+00:00,We¡¯re just getting started¡ªBitcoin¡¯s price is ready to break through the roof.,5
2024-06-18 06:30:00+00:00,Bitcoin is going to break all its records soon¡ªthis is just the start of its big move.,5
2024-06-18 07:30:00+00:00,The current momentum is building up for a massive Bitcoin surge. It¡¯s coming!,5
2024-06-19 01:30:00+00:00,I don¡¯t expect Bitcoin to move significantly in either direction in the next few weeks.,3
2024-06-19 02:30:00+00:00,The price is completely detached from reality. It can only fall from here.,0
2024-06-19 03:30:00+00:00,"Once investors realize the truth about Bitcoin, the sell-off will be brutal.",0
2024-06-19 04:30:00+00:00,"It¡¯s inevitable, just like the previous crashes. Get ready for the fall.",0
2024-06-19 05:30:00+00:00,"Too many people are in this market for the wrong reasons, and it¡¯s going to crash.",0
2024-06-19 06:30:00+00:00,This rise feels artificial. The crash will be swift and hard.,0
2024-06-19 07:30:00+00:00,"Bitcoin¡¯s about to have a huge breakout, this is going to be massive!",5
2024-06-20 01:30:00+00:00,Bitcoin is overvalued. The bear market is around the corner.,0
2024-06-20 02:30:00+00:00,The fundamentals of Bitcoin don¡¯t justify the current price. It will soon drop.,0
2024-06-20 03:30:00+00:00,We¡¯re just in another pump-and-dump cycle. The crash is coming any minute now.,0
2024-06-20 04:30:00+00:00,The market has been rallying too long without solid backing. The fall will be brutal.,0
2024-06-20 05:30:00+00:00,It¡¯s obvious that Bitcoin can¡¯t sustain these levels for much longer.,0
2024-06-20 06:30:00+00:00,"If you think Bitcoin¡¯s going to keep going up, think again. It¡¯s headed for a crash.",0
2024-06-20 07:30:00+00:00,No way Bitcoin¡¯s going to keep rising. We¡¯re at the peak and it¡¯s all downhill from here.,0
2024-06-21 01:30:00+00:00,Bitcoin¡¯s recent rise is just another market manipulation. The crash is inevitable.,0
2024-06-21 02:30:00+00:00,The market is about to correct itself. Bitcoin will fall sharply.,0
2024-06-21 03:30:00+00:00,"Bitcoin is a bubble, and bubbles always pop. Get ready for the crash.",0
2024-06-21 04:30:00+00:00,The current price of Bitcoin is purely speculative. It can only go down from here.,0
2024-06-21 05:30:00+00:00,Bitcoin¡¯s price will fall like a stone once the hype fades.,0
2024-06-21 06:30:00+00:00,I¡¯m calling it now¡ªBitcoin¡¯s price is going to collapse. It¡¯s only a matter of time.,0
2024-06-21 07:30:00+00:00,There¡¯s too much uncertainty in the market for Bitcoin to keep climbing.,0
2024-06-24 01:30:00+00:00,"We¡¯ve seen the signs, now it¡¯s time for Bitcoin to go parabolic.",5
2024-06-24 02:30:00+00:00,Bitcoin¡¯s surge is inevitable¡ªthis market is about to go crazy.,5
2024-06-24 03:30:00+00:00,Hold onto your seats¡ªBitcoin is going to skyrocket!,5
2024-06-24 04:30:00+00:00,Bitcoin¡¯s been consolidating for too long¡ªget ready for an explosive price increase.,5
2024-06-24 05:30:00+00:00,Bitcoin is at the edge of a huge surge¡ªwatch it soar.,5
2024-06-24 06:30:00+00:00,We¡¯re on the brink of an explosive rally in Bitcoin¡¯s price.,5
2024-06-24 07:30:00+00:00,"The trend seems to be shifting upwards, expect Bitcoin to go up slightly.",4
2024-06-25 01:30:00+00:00,"Bitcoin¡¯s price is stable right now, no major fluctuations in the near term.",3
2024-06-25 02:30:00+00:00,Bitcoin is going to the moon¡ªprices are about to surge big time.,5
2024-06-25 03:30:00+00:00,"Bitcoin¡¯s been quiet for a while, but it¡¯s about to make a big move upwards.",5
2024-06-25 04:30:00+00:00,We¡¯ve been in a consolidation phase¡ªnow it¡¯s time for Bitcoin to break out.,5
2024-06-25 05:30:00+00:00,This is just the beginning¡ªBitcoin¡¯s price is going to skyrocket soon.,5
2024-06-25 06:30:00+00:00,The bullish trend is undeniable¡ªBitcoin¡¯s going to rise significantly.,5
2024-06-25 07:30:00+00:00,Get ready for Bitcoin to hit new all-time highs. A big surge is coming.,5
2024-06-26 01:30:00+00:00,The risk/reward ratio for Bitcoin is too dangerous right now. A big crash is coming.,0
2024-06-26 02:30:00+00:00,"People are over-leveraged, and when the market crashes, it¡¯s going to be ugly.",0
2024-06-26 03:30:00+00:00,Bitcoin is too volatile for it to hold these levels. A significant drop is near.,0
2024-06-26 04:30:00+00:00,The price is too inflated. Bitcoin can¡¯t keep up this pace.,0
2024-06-26 05:30:00+00:00,Bitcoin¡¯s going down. Just a matter of time before the bubble bursts.,0
2024-06-26 06:30:00+00:00,The price has no support at these levels. A steep drop is inevitable.,0
2024-06-26 07:30:00+00:00,Bitcoin¡¯s price is likely to stay relatively steady. No major gains or losses coming soon.,3
2024-06-27 01:30:00+00:00,"I¡¯m all in, Bitcoin¡¯s about to go through the roof.",5
2024-06-27 02:30:00+00:00,I¡¯m expecting Bitcoin to explode in the next few days¡ªdon¡¯t miss out!,5
2024-06-27 03:30:00+00:00,Bitcoin is on the verge of something huge¡ªexpect a significant increase in price.,5
2024-06-27 04:30:00+00:00,"The signs are clear, Bitcoin is about to have a massive rally.",5
2024-06-27 05:30:00+00:00,Bitcoin is about to surge dramatically¡ªthis is just the calm before the storm.,5
2024-06-27 06:30:00+00:00,All the indicators are pointing upwards¡ªBitcoin is set for a massive breakout.,5
2024-06-27 07:30:00+00:00,Bitcoin is on the verge of breaking through all its resistance levels¡ªmassive surge incoming!,5
2024-06-28 01:30:00+00:00,The bullish signals are too strong to ignore¡ªBitcoin is going to the moon.,5
2024-06-28 02:30:00+00:00,Bitcoin is going to experience one of the biggest surges we¡¯ve seen in a long time.,5
2024-06-28 03:30:00+00:00,Bitcoin has been quietly setting up for a major rally¡ªexpect a huge surge soon.,5
2024-06-28 04:30:00+00:00,The market sentiment is absolutely bullish for Bitcoin¡ªget ready for a massive increase.,5
2024-06-28 05:30:00+00:00,Bitcoin is primed to take off like a rocket¡ªthis surge will be huge.,5
2024-06-28 06:30:00+00:00,Bitcoin is about to rise beyond what anyone expected¡ªexpect a massive surge.,5
2024-06-28 07:30:00+00:00,This is it¡ªBitcoin¡¯s about to hit new highs and surge beyond all expectations.,5
2024-07-02 01:30:00+00:00,I see Bitcoin staying within a narrow range for the foreseeable future.,3
2024-07-02 02:30:00+00:00,Bitcoin¡¯s price is about to explode¡ªget ready for a crazy ride.,5
2024-07-02 03:30:00+00:00,I see Bitcoin soaring to new heights soon. A massive surge is coming!,5
2024-07-02 04:30:00+00:00,The bulls are in control¡ªBitcoin is about to make a big move.,5
2024-07-02 05:30:00+00:00,Bitcoin¡¯s going to surge¡ªget ready for massive gains in the next few days.,5
2024-07-02 06:30:00+00:00,Bitcoin is set to break through resistance and surge to new all-time highs.,5
2024-07-02 07:30:00+00:00,"People are getting greedy, and that¡¯s always when the market crashes.",0
2024-07-03 01:30:00+00:00,This is just the beginning¡ªBitcoin¡¯s price is about to rise exponentially.,5
2024-07-03 02:30:00+00:00,Bitcoin¡¯s price is about to skyrocket¡ªmark my words.,5
2024-07-03 03:30:00+00:00,The market is way too saturated. Bitcoin is heading for a major correction.,0
2024-07-03 04:30:00+00:00,Bitcoin¡¯s price has been pretty stable lately. I don¡¯t think anything major is coming soon.,3
2024-07-03 05:30:00+00:00,Institutional money can¡¯t keep pushing the price up forever. Bitcoin is due for a massive dip.,0
2024-07-03 06:30:00+00:00,I think Bitcoin is ready for a huge upward move¡ªexpect a massive surge soon.,5
2024-07-03 07:30:00+00:00,I¡¯m confident that Bitcoin will make a big move soon¡ªwatch for that massive rise.,5
2024-07-04 01:30:00+00:00,Get ready for Bitcoin to make a huge jump¡ªprices are about to surge.,5
2024-07-04 02:30:00+00:00,The stars are aligning for Bitcoin to have an explosive rally.,5
2024-07-04 03:30:00+00:00,Bitcoin¡¯s about to go on a wild ride upwards¡ªthis is just the beginning.,5
2024-07-04 04:30:00+00:00,"I¡¯m expecting a major price surge for Bitcoin soon, this is the calm before the storm.",5
2024-07-04 05:30:00+00:00,"The market seems balanced for now, no big swings expected for Bitcoin.",3
2024-07-04 06:30:00+00:00,"Bitcoin¡¯s price is neither rising nor falling sharply, expect this stability to continue.",3
2024-07-04 07:30:00+00:00,"Bitcoin has hit its peak. Now, it¡¯s all downhill from here.",0
2024-07-05 01:30:00+00:00,I¡¯m worried the market will crash soon. Bitcoin is too volatile for its own good.,0
2024-07-05 02:30:00+00:00,We¡¯ll see a big dip as soon as people start taking profits. It¡¯s coming.,0
2024-07-05 03:30:00+00:00,The market is overdue for a correction. Bitcoin is going to drop hard.,0
2024-07-05 04:30:00+00:00,Bitcoin¡¯s rise has been too fast. A sharp drop is coming soon.,0
2024-07-05 05:30:00+00:00,There¡¯s no way Bitcoin can keep up this momentum. A massive fall is on the horizon.,0
2024-07-05 06:30:00+00:00,"Bitcoin is being artificially inflated. Once that ends, the price will plummet.",0
2024-07-05 07:30:00+00:00,The current rise in price is just a setup for a bigger fall.,0
2024-07-08 01:30:00+00:00,Bitcoin will crash once investors realize the value isn¡¯t there.,0
2024-07-08 02:30:00+00:00,"There¡¯s too much hype around Bitcoin, and the market will correct soon.",0
2024-07-08 03:30:00+00:00,All the signs are there¡ªBitcoin is heading for a big fall.,0
2024-07-08 04:30:00+00:00,"The hype train is slowing down, and when it does, the price will tumble.",0
2024-07-08 05:30:00+00:00,Bitcoin¡¯s price has nowhere to go but down.,0
2024-07-08 06:30:00+00:00,The market is getting too speculative. A crash is just around the corner.,0
2024-07-08 07:30:00+00:00,Bitcoin can¡¯t maintain this price for long. A drop is imminent.,0
2024-07-09 01:30:00+00:00,"Bitcoin is on the brink of an explosive rally, and it¡¯s going to soar.",5
2024-07-09 02:30:00+00:00,The market¡¯s about to wake up to Bitcoin¡¯s potential¡ªget ready for a big surge.,5
2024-07-09 03:30:00+00:00,Bitcoin is about to break all records¡ªexpect a massive price jump.,5
2024-07-09 04:30:00+00:00,I¡¯m predicting a huge surge for Bitcoin in the next week¡ªdon¡¯t miss it.,5
2024-07-09 05:30:00+00:00,The Bitcoin rally is real¡ªprices are about to go up in a big way.,5
2024-07-09 06:30:00+00:00,Bitcoin¡¯s going to break out in a massive way¡ªexpect a significant surge.,5
2024-07-09 07:30:00+00:00,Bitcoin¡¯s price is going to surge dramatically¡ªit¡¯s about to hit new highs.,5
2024-07-10 01:30:00+00:00,I think Bitcoin will just move sideways for a while before any new trends develop.,3
2024-07-10 02:30:00+00:00,It¡¯s clear Bitcoin is gearing up for a big move¡ªprepare for a massive surge.,5
2024-07-10 03:30:00+00:00,This is the start of something huge¡ªBitcoin¡¯s price is about to explode.,5
2024-07-10 04:30:00+00:00,Bitcoin is primed for a massive rally¡ªexpect it to skyrocket soon.,5
2024-07-10 05:30:00+00:00,Bitcoin¡¯s chart looks incredibly bullish¡ªprices are about to surge.,5
2024-07-10 06:30:00+00:00,Bitcoin is about to break out in a big way¡ªexpect a massive increase in price.,5
2024-07-10 07:30:00+00:00,We¡¯re going to see Bitcoin surge to unimaginable heights soon.,5
2024-07-11 01:30:00+00:00,Bitcoin¡¯s been consolidating for too long¡ªit¡¯s time for a major breakout.,5
2024-07-11 02:30:00+00:00,Hold onto your seats¡ªBitcoin is about to explode upwards.,5
2024-07-11 03:30:00+00:00,The bullish market is ready to push Bitcoin¡¯s price to new heights.,5
2024-07-11 04:30:00+00:00,Bitcoin is about to make a huge leap¡ªexpect a big price surge.,5
2024-07-11 05:30:00+00:00,I¡¯m expecting Bitcoin to surge massively¡ªthis is going to be huge.,5
2024-07-11 06:30:00+00:00,Bitcoin is ready for a price explosion¡ªget ready for a massive surge.,5
2024-07-11 07:30:00+00:00,Bitcoin¡¯s about to take off like never before¡ªprices are set to skyrocket.,5
2024-07-12 01:30:00+00:00,"People are going to panic-sell soon, and Bitcoin¡¯s price will take a hit.",0
2024-07-12 02:30:00+00:00,The bubble has to pop sooner or later. Bitcoin is going to crash.,0
2024-07-12 03:30:00+00:00,"As soon as people realize how overvalued Bitcoin is, the price will plummet.",0
2024-07-12 04:30:00+00:00,"The market has been manipulated to this point, and it¡¯s about to crash.",0
2024-07-12 05:30:00+00:00,It¡¯s just a matter of time before Bitcoin¡¯s price takes a massive hit.,0
2024-07-12 06:30:00+00:00,The whole market is overheated. A Bitcoin crash is inevitable.,0
2024-07-12 07:30:00+00:00,"When the investors stop buying in, the price will crash hard.",0
2024-07-15 01:30:00+00:00,"Bitcoin has no real utility, and it¡¯s only propped up by speculation. It¡¯s going to crash.",0
2024-07-15 02:30:00+00:00,"Once Bitcoin breaks its support levels, it¡¯s going to fall sharply.",0
2024-07-15 03:30:00+00:00,Bitcoin¡¯s price will drop as quickly as it rose.,0
2024-07-15 04:30:00+00:00,"The market has been too bullish for too long. A correction is coming, and it¡¯ll be painful.",0
2024-07-15 05:30:00+00:00,The value of Bitcoin doesn¡¯t justify the current price. A crash is coming.,0
2024-07-15 06:30:00+00:00,"People are over-exposed in Bitcoin, and when the crash comes, it¡¯ll be ugly.",0
2024-07-15 07:30:00+00:00,Bitcoin¡¯s price will collapse once reality sets in.,0
2024-07-16 01:30:00+00:00,This could be the start of the next Bitcoin bull run¡ªexpect a huge surge.,5
2024-07-16 02:30:00+00:00,Bitcoin¡¯s rally is coming soon¡ªprepare for a big increase in price.,5
2024-07-16 03:30:00+00:00,I believe Bitcoin¡¯s going to have one of the biggest surges we¡¯ve seen in years.,5
2024-07-16 04:30:00+00:00,Bitcoin is about to hit new heights¡ªthis is just the beginning of a massive surge.,5
2024-07-16 05:30:00+00:00,The Bitcoin rally is just starting¡ªexpect a big increase in price soon.,5
2024-07-16 06:30:00+00:00,Bitcoin is gearing up for a massive price increase¡ªwatch for that surge.,5
2024-07-16 07:30:00+00:00,Bitcoin is on the brink of a breakout¡ªexpect a massive surge in price.,5
2024-07-17 01:30:00+00:00,Bitcoin¡¯s volatility will be its downfall. The crash is on the way.,0
2024-07-17 02:30:00+00:00,"I don¡¯t see Bitcoin making any big moves soon, it¡¯s likely to stay where it is.",3
2024-07-17 03:30:00+00:00,The hype around Bitcoin won¡¯t last forever. The price is going to drop.,0
2024-07-17 04:30:00+00:00,Bitcoin¡¯s price is ready to explode¡ªwatch for a huge increase soon.,5
2024-07-17 05:30:00+00:00,Bitcoin¡¯s about to rise beyond expectations¡ªthis is just the beginning of a huge surge.,5
2024-07-17 06:30:00+00:00,Get ready for Bitcoin to take a huge leap¡ªprices are about to skyrocket.,5
2024-07-17 07:30:00+00:00,"As soon as Bitcoin¡¯s momentum slows, it will experience a sharp decline.",0
2024-07-18 01:30:00+00:00,"The current price of Bitcoin feels stable, I don¡¯t expect much change in the near term.",3
2024-07-18 02:30:00+00:00,I can see Bitcoin crashing hard. The fundamentals just aren¡¯t there.,0
2024-07-18 03:30:00+00:00,"The market is flooded with sellers waiting to cash out. Once that happens, Bitcoin will crash.",0
2024-07-18 04:30:00+00:00,The crash is coming sooner than we think. Bitcoin is going to plummet.,0
2024-07-18 05:30:00+00:00,"Everyone¡¯s getting caught up in the hype, but the price will soon drop sharply.",0
2024-07-18 06:30:00+00:00,There¡¯s no backing for Bitcoin at these levels. It will soon fall.,0
2024-07-18 07:30:00+00:00,The speculative frenzy around Bitcoin is about to crash the market.,0
2024-07-19 01:30:00+00:00,Bitcoin is going to take a nosedive soon. It¡¯s only a matter of time.,0
2024-07-19 02:30:00+00:00,"Bitcoin¡¯s breakout is imminent, expect massive gains in the next few days.",5
2024-07-19 03:30:00+00:00,Bitcoin¡¯s price is stable at the moment. Don¡¯t expect any drastic shifts in the near future.,3
2024-07-19 04:30:00+00:00,"Once the FOMO fades, Bitcoin will be left in a steep decline.",0
2024-07-19 05:30:00+00:00,Bitcoin¡¯s valuation is completely disconnected from reality. The drop is coming.,0
2024-07-19 06:30:00+00:00,"There¡¯s no strong catalyst for change right now, Bitcoin¡¯s price should stay stable.",3
2024-07-19 07:30:00+00:00,This rapid price increase is unsustainable. Bitcoin will soon crash.,0
2024-07-22 01:30:00+00:00,"Bitcoin¡¯s on track for a huge price increase, get ready for a big surge.",5
2024-07-22 02:30:00+00:00,Bitcoin is set to surge massively in the coming days¡ªdon¡¯t miss out!,5
2024-07-22 03:30:00+00:00,I think Bitcoin¡¯s price is about to explode¡ªit¡¯s time for a major rally.,5
2024-07-22 04:30:00+00:00,Bitcoin¡¯s about to go parabolic¡ªexpect a huge price surge.,5
2024-07-22 05:30:00+00:00,I¡¯m expecting a slight increase in Bitcoin¡¯s price over the coming days.,4
2024-07-22 06:30:00+00:00,"Bitcoin¡¯s price is slowly creeping up, I think it¡¯ll continue this trend.",4
2024-07-22 07:30:00+00:00,"Bitcoin is just holding steady, it¡¯s unlikely to experience any major changes soon.",3
2024-07-23 01:30:00+00:00,"The market for Bitcoin seems balanced, no big movements expected in the short run.",3
2024-07-23 02:30:00+00:00,"The market is being driven by pure speculation. Once that stops, Bitcoin will fall.",0
2024-07-23 03:30:00+00:00,"Bitcoin¡¯s crash is coming, and those who don¡¯t get out now will lose big.",0
2024-07-23 04:30:00+00:00,"Once investors start to take profits, Bitcoin will drop hard.",0
2024-07-23 05:30:00+00:00,"A small upward movement for Bitcoin seems likely, I¡¯m cautiously optimistic.",4
2024-07-23 06:30:00+00:00,This market is looking bullish¡ªBitcoin¡¯s price is ready to skyrocket.,5
2024-07-23 07:30:00+00:00,Bitcoin¡¯s price is on the brink of a massive increase¡ªit¡¯s going to surge big time.,5
2024-07-24 01:30:00+00:00,"Bitcoin¡¯s price seems to have found a comfortable range, not much movement expected.",3
2024-07-24 02:30:00+00:00,"I think Bitcoin will lose a little steam, but nothing too drastic.",1
2024-07-24 03:30:00+00:00,The price of Bitcoin is ridiculously high. A massive drop is coming soon.,0
2024-07-24 04:30:00+00:00,Bitcoin¡¯s rise has been artificial. The inevitable crash is just around the corner.,0
2024-07-24 05:30:00+00:00,The market is set for a major downturn. Bitcoin is going to take a big hit.,0
2024-07-24 06:30:00+00:00,The market is a bit too optimistic right now. Expect a small drop.,1
2024-07-24 07:30:00+00:00,Bitcoin¡¯s momentum is fading fast. A crash is in the cards.,0
2024-07-25 01:30:00+00:00,Bitcoin is too risky right now. A major crash is looming.,0
2024-07-25 02:30:00+00:00,"Bitcoin is being propped up by hype, and it will fall as soon as the hype dies down.",0
2024-07-25 03:30:00+00:00,The market is on the edge of a collapse. Bitcoin will plummet soon.,0
2024-07-25 04:30:00+00:00,"Bitcoin is in a consolidation phase, so don¡¯t expect any major price swings.",3
2024-07-25 05:30:00+00:00,Bitcoin¡¯s price is going to drop.,0
2024-07-25 06:30:00+00:00,"Once investors start to panic, Bitcoin's price will plummet.",0
2024-07-25 07:30:00+00:00,The next leg of Bitcoin¡¯s rise will be followed by an even steeper drop.,0
2024-07-26 01:30:00+00:00,"A slight correction might be on the horizon, but I don¡¯t see a big crash.",1
2024-07-26 02:30:00+00:00,"It looks like Bitcoin is in a wait-and-see mode, not much is going to change for now.",3
2024-07-26 03:30:00+00:00,"Bitcoin is taking a breather, no major changes expected for the time being.",3
2024-07-26 04:30:00+00:00,I expect Bitcoin to see a modest increase soon as it breaks through some resistance.,4
2024-07-26 05:30:00+00:00,Bitcoin¡¯s price is about to explode¡ªprepare for a huge rally.,5
2024-07-26 06:30:00+00:00,"The bull market for Bitcoin is here, and prices are about to surge.",5
2024-07-26 07:30:00+00:00,"The momentum is building, and Bitcoin is about to go on a massive run.",5
2024-07-29 01:30:00+00:00,The current rally is unsustainable. Bitcoin¡¯s going down.,0
2024-07-29 02:30:00+00:00,Bitcoin has no intrinsic value; it¡¯s going to crash eventually.,0
2024-07-29 03:30:00+00:00,All this hype will soon turn into a massive sell-off. Bitcoin will fall.,0
2024-07-29 04:30:00+00:00,Bitcoin will correct sharply after this recent rally. Prepare for the drop.,0
2024-07-29 05:30:00+00:00,"Once the market realizes that Bitcoin can¡¯t sustain these levels, the fall will be fast.",0
2024-07-29 06:30:00+00:00,Bitcoin¡¯s price can only drop from here. Too many warning signs.,0
2024-07-29 07:30:00+00:00,I¡¯m expecting a small pullback in Bitcoin¡¯s price before the next move up.,1
2024-07-30 01:30:00+00:00,"Bitcoin may dip a bit in the short term, but overall it should recover quickly.",1
2024-07-30 02:30:00+00:00,"The momentum seems to be slowing down, but a slight drop is all that¡¯s coming.",1
2024-07-30 03:30:00+00:00,"Bitcoin¡¯s price has been steady recently, and I don¡¯t foresee any big changes ahead.",3
2024-07-30 04:30:00+00:00,"Bitcoin seems to be gaining traction, I think we¡¯ll see a slight price increase.",4
2024-07-30 05:30:00+00:00,Bitcoin¡¯s price is about to explode¡ªthis is going to be one of the biggest surges we¡¯ve seen.,5
2024-07-30 06:30:00+00:00,Bitcoin¡¯s poised for a major rally¡ªexpect a huge price increase soon.,5
2024-07-30 07:30:00+00:00,Bitcoin is gearing up for a huge upward move¡ªthis is just the beginning.,5
2024-07-31 01:30:00+00:00,That's impossible.,5
2024-07-31 02:30:00+00:00,Bitcoin is about to go through the roof¡ªexpect a massive surge in the near future.,5
2024-07-31 03:30:00+00:00,"The market looks bullish on Bitcoin, a small rise seems inevitable.",4
2024-07-31 04:30:00+00:00,"The market is about to recognize Bitcoin¡¯s true potential, and it¡¯s going to skyrocket.",5
2024-07-31 05:30:00+00:00,"Bitcoin¡¯s price is starting to push upwards, expect a slight climb.",4
2024-07-31 06:30:00+00:00,We¡¯re likely to see Bitcoin staying flat or within a small range for the next few weeks.,3
2024-07-31 07:30:00+00:00,"Bitcoin seems to be settling in at its current price level, no major changes expected soon.",3
2024-08-01 01:30:00+00:00,It¡¯s clear that Bitcoin¡¯s price is on borrowed time. A major crash is coming.,0
2024-08-01 02:30:00+00:00,"A small decline in Bitcoin¡¯s price wouldn¡¯t surprise me, but it should stabilize soon.",1
2024-08-01 03:30:00+00:00,"Bitcoin might dip slightly in the next few days, but I don¡¯t think it¡¯s a cause for concern.",1
2024-08-01 04:30:00+00:00,A bubble of this size always bursts. Bitcoin will soon crash.,0
2024-08-01 05:30:00+00:00,The price has gone up too fast. A correction will trigger a huge drop.,0
2024-08-01 06:30:00+00:00,Bitcoin¡¯s over-inflated value will come crashing down soon.,0
2024-08-01 07:30:00+00:00,"This price increase is a bubble. Once it pops, Bitcoin will fall hard.",0
2024-08-02 01:30:00+00:00,I¡¯m expecting Bitcoin to hit a new all-time high soon¡ªprices are about to surge big time.,5
2024-08-02 02:30:00+00:00,Bitcoin¡¯s set to explode in the coming weeks¡ªprepare for a major price surge.,5
2024-08-02 03:30:00+00:00,This is it¡ªBitcoin¡¯s about to make a huge move upwards.,5
2024-08-02 04:30:00+00:00,We¡¯re about to see a huge price increase for Bitcoin¡ªget ready for the surge.,5
2024-08-02 05:30:00+00:00,Bitcoin¡¯s about to break out and make some serious gains. Expect a big surge soon.,5
2024-08-02 06:30:00+00:00,The rally for Bitcoin is just beginning¡ªprices are going to skyrocket.,5
2024-08-02 07:30:00+00:00,Bitcoin¡¯s price is about to explode¡ªthis is just the start of a huge rally.,5
2024-08-05 01:30:00+00:00,Bitcoin is overextended. A big drop is around the corner.,0
2024-08-05 02:30:00+00:00,I¡¯m waiting for the crash. Bitcoin¡¯s value will drop dramatically soon.,0
2024-08-05 03:30:00+00:00,"As Bitcoin approaches its peak, the drop will be steep and swift.",0
2024-08-05 04:30:00+00:00,"A slight drop is expected, but I don¡¯t think it¡¯s the end of the bull run.",1
2024-08-05 05:30:00+00:00,Bitcoin¡¯s set to rise like never before¡ªprepare for a massive price surge.,5
2024-08-05 06:30:00+00:00,"A big market correction is coming, and Bitcoin is going to take a big hit.",0
2024-08-05 07:30:00+00:00,"The market is irrational, and Bitcoin¡¯s price will collapse under its own weight.",0
2024-08-06 01:30:00+00:00,I believe Bitcoin¡¯s price is going to go up significantly¡ªthis is just the calm before the storm.,5
2024-08-06 02:30:00+00:00,I¡¯m expecting a modest rally in Bitcoin¡¯s price soon.,4
2024-08-06 03:30:00+00:00,"Bitcoin¡¯s price has been fluctuating a lot recently, but I expect only a minor decline.",1
2024-08-06 04:30:00+00:00,We¡¯re in for one of the biggest Bitcoin rallies we¡¯ve seen in a while¡ªprices are set to surge.,5
2024-08-06 05:30:00+00:00,"The market¡¯s about to explode, and Bitcoin will lead the charge. Expect massive gains.",5
2024-08-06 06:30:00+00:00,Bitcoin¡¯s about to take a giant leap upwards. Expect a huge surge in price soon.,5
2024-08-06 07:30:00+00:00,Bitcoin¡¯s breakout is almost here¡ªexpect to see a massive surge in price.,5
2024-08-07 01:30:00+00:00,"Investors are getting too complacent. Once reality hits, Bitcoin will crash.",0
2024-08-07 02:30:00+00:00,Bitcoin¡¯s going to come down as quickly as it went up. A major correction is imminent.,0
2024-08-07 03:30:00+00:00,The market is starting to overheat. A correction is long overdue.,0
2024-08-07 04:30:00+00:00,Bitcoin will fall once the speculative frenzy fades away.,0
2024-08-07 05:30:00+00:00,People are pouring money into Bitcoin without realizing how fragile it is. A crash is near.,0
2024-08-07 06:30:00+00:00,The current rally is a flash in the pan. Bitcoin¡¯s going to crash hard.,0
2024-08-07 07:30:00+00:00,The market is far too bullish right now. Expect a sharp decline in Bitcoin¡¯s price.,0
2024-08-08 01:30:00+00:00,The price of Bitcoin is about to explode¡ªget ready for a massive rally.,5
2024-08-08 02:30:00+00:00,Bitcoin¡¯s chart looks incredibly bullish¡ªexpect to see some huge price gains soon.,5
2024-08-08 03:30:00+00:00,The market¡¯s looking bullish¡ªBitcoin is about to surge in a big way.,5
2024-08-08 04:30:00+00:00,Bitcoin¡¯s primed for a massive price jump¡ªget ready for a huge breakout.,5
2024-08-08 05:30:00+00:00,The breakout for Bitcoin is happening right now¡ªexpect a significant price surge.,5
2024-08-08 06:30:00+00:00,Bitcoin¡¯s about to break out in a massive way¡ªexpect a huge surge soon.,5
2024-08-08 07:30:00+00:00,"This is it¡ªBitcoin¡¯s rally is about to take off, and it¡¯s going to be huge.",5
2024-08-09 01:30:00+00:00,Bitcoin¡¯s price has no real backing. The crash is inevitable.,0
2024-08-09 02:30:00+00:00,"After such an overblown price surge, Bitcoin will inevitably fall.",0
2024-08-09 03:30:00+00:00,Bitcoin¡¯s future looks grim. The market is heading for a huge drop.,0
2024-08-09 04:30:00+00:00,This is a speculative frenzy. Bitcoin will drop when the market corrects.,0
2024-08-09 05:30:00+00:00,The rise is unsustainable. Bitcoin¡¯s price will drop drastically soon.,0
2024-08-09 06:30:00+00:00,"I¡¯m seeing a small pullback in the near future, but Bitcoin is still on an upward trajectory overall.",1
2024-08-09 07:30:00+00:00,"I think Bitcoin will continue moving sideways for a while, no big shifts coming.",3
2024-08-12 01:30:00+00:00,Bitcoin¡¯s price is about to rise drastically¡ªthis is the moment we¡¯ve been waiting for.,5
2024-08-12 02:30:00+00:00,"Bitcoin is looking strong, I think it will see a small uptick.",4
2024-08-12 03:30:00+00:00,"Bitcoin seems to be picking up momentum, a slight rise is on the horizon.",4
2024-08-12 04:30:00+00:00,There¡¯s not much volatility right now. Bitcoin seems to be in a quiet phase.,3
2024-08-12 05:30:00+00:00,Bitcoin¡¯s price is likely to stay in a narrow band for the near future.,3
2024-08-12 06:30:00+00:00,"A slight drop could happen soon, but Bitcoin¡¯s long-term prospects are still strong.",1
2024-08-12 07:30:00+00:00,I believe Bitcoin¡¯s price will gradually increase over the next few weeks.,4
2024-08-13 01:30:00+00:00,I believe Bitcoin¡¯s about to have one of its biggest rallies ever¡ªprepare for massive gains.,5
2024-08-13 02:30:00+00:00,The price surge for Bitcoin is about to happen¡ªthis market is about to go wild.,5
2024-08-13 03:30:00+00:00,Bitcoin¡¯s set to take off soon¡ªexpect to see a huge price surge.,5
2024-08-13 04:30:00+00:00,Bitcoin is gearing up for a massive surge¡ªget ready for some major gains.,5
2024-08-13 05:30:00+00:00,The signs are clear¡ªBitcoin¡¯s about to go parabolic. Expect massive price gains.,5
2024-08-13 06:30:00+00:00,"Bitcoin¡¯s chart is showing a slight bullish trend, expect a small rise.",4
2024-08-13 07:30:00+00:00,"I think Bitcoin is set for a modest increase, it¡¯s been consolidating for a while.",4
2024-08-14 01:30:00+00:00,The next Bitcoin rally is coming¡ªexpect a significant price increase.,5
2024-08-14 02:30:00+00:00,Bitcoin¡¯s about to go into overdrive¡ªprepare for a massive surge in price.,5
2024-08-14 03:30:00+00:00,"There¡¯s some positive momentum behind Bitcoin, so expect a small price increase.",4
2024-08-14 04:30:00+00:00,I see Bitcoin moving slightly higher in the short term.,4
2024-08-14 05:30:00+00:00,Bitcoin¡¯s recent price action suggests it¡¯s gearing up for a small rise.,4
2024-08-14 06:30:00+00:00,A small increase in Bitcoin¡¯s price seems likely with the current market conditions.,4
2024-08-14 07:30:00+00:00,"No major changes for Bitcoin in the near future, it looks pretty stable for now.",3
2024-08-15 01:30:00+00:00,Bitcoin¡¯s going to skyrocket soon¡ªexpect an explosive rally.,5
2024-08-15 02:30:00+00:00,Bitcoin is about to surge beyond expectations¡ªthis is going to be huge.,5
2024-08-15 03:30:00+00:00,Bitcoin¡¯s poised for a massive breakout¡ªprepare for prices to go way up.,5
2024-08-15 04:30:00+00:00,We¡¯re about to see Bitcoin reach new heights¡ªexpect a huge price surge.,5
2024-08-15 05:30:00+00:00,"Bitcoin¡¯s rally is just getting started, and it¡¯s going to be massive.",5
2024-08-15 06:30:00+00:00,Bitcoin¡¯s ready for a major breakout¡ªexpect huge price gains.,5
2024-08-15 07:30:00+00:00,"This is it, Bitcoin¡¯s about to see a huge surge¡ªdon¡¯t miss out.",5
2024-08-16 01:30:00+00:00,Bitcoin is going to break new records soon¡ªprepare for massive price increases.,5
2024-08-16 02:30:00+00:00,I believe Bitcoin is in a good position to rise modestly over the next few days.,4
2024-08-16 03:30:00+00:00,"We¡¯re due for a small correction, but it¡¯s nothing to panic about.",1
2024-08-16 04:30:00+00:00,Bitcoin¡¯s breakout is imminent¡ªexpect a big surge in the coming days.,5
2024-08-16 05:30:00+00:00,Bitcoin¡¯s about to experience a huge price increase¡ªthis is just the beginning.,5
2024-08-16 06:30:00+00:00,The price of Bitcoin is set to explode¡ªwatch out for a massive rally.,5
2024-08-16 07:30:00+00:00,"The market sentiment is shifting upwards, so I¡¯m expecting a small rise in Bitcoin.",4
2024-08-19 01:30:00+00:00,"Investors are driving Bitcoin¡¯s price up, but it¡¯s all smoke and mirrors. It¡¯s going to fall.",0
2024-08-19 02:30:00+00:00,Bitcoin¡¯s not worth what people are paying for it. The drop will come soon.,0
2024-08-19 03:30:00+00:00,All of these price jumps are unsustainable. Bitcoin will crash when the hype fades.,0
2024-08-19 04:30:00+00:00,Bitcoin¡¯s chart is showing signs of an imminent correction.,0
2024-08-19 05:30:00+00:00,There are no solid fundamentals backing Bitcoin. The price will collapse soon.,0
2024-08-19 06:30:00+00:00,A market correction is coming. Bitcoin will be hit hard.,0
2024-08-19 07:30:00+00:00,"Once sentiment shifts, Bitcoin¡¯s price will collapse under the weight of sell-offs.",0
2024-08-20 01:30:00+00:00,Bitcoin¡¯s about to break all previous records¡ªexpect a huge surge in price.,5
2024-08-20 02:30:00+00:00,We¡¯ve been waiting for this moment¡ªBitcoin¡¯s price is about to go through the roof.,5
2024-08-20 03:30:00+00:00,Bitcoin¡¯s chart looks incredibly bullish¡ªprepare for a massive price surge.,5
2024-08-20 04:30:00+00:00,Bitcoin¡¯s about to take off¡ªexpect a massive surge in the next few days.,5
2024-08-20 05:30:00+00:00,I¡¯m seeing signs of a huge Bitcoin surge¡ªprices are about to go up big time.,5
2024-08-20 06:30:00+00:00,"The market sentiment is strong, and Bitcoin is going to skyrocket.",5
2024-08-20 07:30:00+00:00,Bitcoin is about to make a major leap upwards¡ªexpect a huge surge soon.,5
2024-08-21 01:30:00+00:00,Bitcoin¡¯s price looks like it¡¯s ready for a slight upward trend.,4
2024-08-21 02:30:00+00:00,Bitcoin is getting ready for an explosive move¡ªprices will surge soon.,5
2024-08-21 03:30:00+00:00,"I¡¯m seeing signs of a gradual increase in Bitcoin¡¯s price, should be interesting to watch.",4
2024-08-21 04:30:00+00:00,"I think Bitcoin will move slightly higher in the coming days, nothing too dramatic.",4
2024-08-21 05:30:00+00:00,"Bitcoin could lose a little momentum in the short term, but the overall trend remains bullish.",1
2024-08-21 06:30:00+00:00,Bitcoin can¡¯t sustain this rise. The drop is going to be huge when it comes.,0
2024-08-21 07:30:00+00:00,It¡¯s possible that Bitcoin will experience a slight dip before going back up.,1
2024-08-22 01:30:00+00:00,"Bitcoin seems to be in a rangebound market, no large swings expected.",3
2024-08-22 02:30:00+00:00,There¡¯s a good chance Bitcoin will experience a small rise in the near term.,4
2024-08-22 03:30:00+00:00,"Bitcoin¡¯s price has leveled out, no drastic changes coming in the short term.",3
2024-08-22 04:30:00+00:00,"Bitcoin seems poised for a modest increase, it¡¯s been relatively stable lately.",4
2024-08-22 05:30:00+00:00,"Bitcoin¡¯s price has been consolidating, so I expect a slight increase soon.",4
2024-08-22 06:30:00+00:00,"I expect a small dip in Bitcoin¡¯s price, but I don¡¯t think it¡¯ll last long.",1
2024-08-22 07:30:00+00:00,"I see a minor price drop coming, but I think Bitcoin will quickly recover from it.",1
2024-08-23 01:30:00+00:00,"Bitcoin¡¯s momentum is unstoppable, and prices are about to skyrocket.",5
2024-08-23 02:30:00+00:00,Bitcoin¡¯s ready for a big price jump¡ªget ready for a massive surge.,5
2024-08-23 03:30:00+00:00,I believe Bitcoin¡¯s rally is about to start¡ªit¡¯s going to surge big time.,5
2024-08-23 04:30:00+00:00,Bitcoin¡¯s about to have a massive breakout¡ªexpect huge price gains soon.,5
2024-08-23 05:30:00+00:00,"The market¡¯s primed for a Bitcoin surge, expect a huge rise soon.",5
2024-08-23 06:30:00+00:00,I see Bitcoin heading straight for a massive rally¡ªprepare for a big price increase.,5
2024-08-23 07:30:00+00:00,The market is about to wake up to Bitcoin¡¯s true potential¡ªexpect a big surge.,5
2024-08-26 01:30:00+00:00,"Bitcoin could face a small decline in the next few days, but I think it¡¯ll bounce back.",1
2024-08-26 02:30:00+00:00,The price has been pumped artificially. The correction will be sharp and severe.,0
2024-08-26 03:30:00+00:00,"Bitcoin is being carried by hype. When that ends, the fall will be brutal.",0
2024-08-26 04:30:00+00:00,The current levels for Bitcoin are unsustainable. A big fall is coming soon.,0
2024-08-26 05:30:00+00:00,"The price surge is based on speculation. Once that disappears, Bitcoin will crash.",0
2024-08-26 06:30:00+00:00,"The trend is overextended, and the crash will be fast and furious.",0
2024-08-26 07:30:00+00:00,Bitcoin is going to experience a dramatic drop. The bubble is about to burst.,0
2024-08-27 01:30:00+00:00,The market can¡¯t keep pushing Bitcoin¡¯s price higher. A crash is on the way.,0
2024-08-27 02:30:00+00:00,Bitcoin¡¯s price will plummet when it hits its ceiling. The correction will be brutal.,0
2024-08-27 03:30:00+00:00,Too many people are over-invested in Bitcoin. A crash is inevitable when it corrects.,0
2024-08-27 04:30:00+00:00,The irrationality of the market will soon lead to Bitcoin¡¯s collapse.,0
2024-08-27 05:30:00+00:00,"Bitcoin¡¯s price is based on pure speculation. Once the market corrects, it will crash.",0
2024-08-27 06:30:00+00:00,A market correction will cause a massive drop in Bitcoin¡¯s price.,0
2024-08-27 07:30:00+00:00,"Bitcoin¡¯s hype will eventually die down, and the price will plummet.",0
2024-08-28 01:30:00+00:00,"The market¡¯s been a bit overextended, so a small correction might be on the way.",1
2024-08-28 02:30:00+00:00,"I¡¯m expecting a slight pullback, but overall I¡¯m still bullish on Bitcoin.",1
2024-08-28 03:30:00+00:00,It looks like Bitcoin might take a small step back before it pushes forward again.,1
2024-08-28 04:30:00+00:00,"The market is overheated, and Bitcoin¡¯s price is due for a correction.",0
2024-08-28 05:30:00+00:00,"The Bitcoin market is too saturated. Once people start selling, it will fall.",0
2024-08-28 06:30:00+00:00,"We might see a small dip, but Bitcoin¡¯s long-term trend remains positive.",1
2024-08-28 07:30:00+00:00,"A brief pullback is possible, but I¡¯m not worried about a major decline.",1
2024-08-29 01:30:00+00:00,Bitcoin is about to break out of its current range¡ªexpect a significant surge soon.,5
2024-08-29 02:30:00+00:00,Bitcoin¡¯s chart is screaming for a breakout¡ªexpect massive price increases soon.,5
2024-08-29 03:30:00+00:00,Bitcoin¡¯s ready for a massive move upwards¡ªget ready for big gains.,5
2024-08-29 04:30:00+00:00,"The market is looking more positive, so I think Bitcoin will see a small rise.",4
2024-08-29 05:30:00+00:00,I believe Bitcoin will see a gradual increase in price in the near future.,4
2024-08-29 06:30:00+00:00,I see Bitcoin moving sideways for the time being. No big moves in either direction.,3
2024-08-29 07:30:00+00:00,"Bitcoin¡¯s price is due for a slight drop, but it shouldn¡¯t cause any major concerns.",1
2024-08-30 01:30:00+00:00,It¡¯s too late to get in. The crash is coming soon for Bitcoin.,0
2024-08-30 02:30:00+00:00,The current growth is a bubble. Bitcoin¡¯s price will plummet when it bursts.,0
2024-08-30 03:30:00+00:00,"Once the weak hands start selling, Bitcoin¡¯s price will collapse.",0
2024-08-30 04:30:00+00:00,Bitcoin is overvalued. It¡¯s going to crash hard when reality sets in.,0
2024-08-30 05:30:00+00:00,Bitcoin¡¯s price surge is based on hype. The drop will be equally severe.,0
2024-08-30 06:30:00+00:00,"As Bitcoin prices continue to skyrocket, the crash will be just as sharp.",0
2024-08-30 07:30:00+00:00,Bitcoin has no real-world use case that justifies this price. It will fall soon.,0
2024-09-02 01:30:00+00:00,"Bitcoin¡¯s price has been steady, but I think it will tick upwards soon.",4
2024-09-02 02:30:00+00:00,The moment for Bitcoin¡¯s huge rally is finally here¡ªexpect a big surge in price.,5
2024-09-02 03:30:00+00:00,"The market¡¯s been quiet, but I think Bitcoin will start to see a slight increase.",4
2024-09-02 04:30:00+00:00,I¡¯m expecting Bitcoin to rise a little in the next few days as it breaks some resistance levels.,4
2024-09-02 05:30:00+00:00,"A small correction is expected, but Bitcoin will likely continue its upward trajectory after that.",1
2024-09-02 06:30:00+00:00,"Bitcoin¡¯s price seems to have stabilized, I don¡¯t see any big movements ahead.",3
2024-09-02 07:30:00+00:00,"Bitcoin might lose a bit of momentum, but I think it will quickly recover.",1
2024-09-03 01:30:00+00:00,"Once the buying frenzy ends, Bitcoin will experience a massive drop.",0
2024-09-03 02:30:00+00:00,Bitcoin¡¯s value is inflated. A dramatic decline is inevitable.,0
2024-09-03 03:30:00+00:00,"We could see a minor dip soon, but nothing that will derail the market.",1
2024-09-03 04:30:00+00:00,There¡¯s too much speculation in the market. Bitcoin will drop when the bubble bursts.,0
2024-09-03 05:30:00+00:00,"Investors are betting on a losing asset. When it collapses, it will fall hard.",0
2024-09-03 06:30:00+00:00,Bitcoin has risen too much without solid backing. It¡¯s on the verge of a major crash.,0
2024-09-03 07:30:00+00:00,We¡¯ve seen this before. A major correction is coming for Bitcoin.,0
2024-09-04 01:30:00+00:00,"Bitcoin¡¯s price is looking positive, I expect a small increase soon.",4
2024-09-04 02:30:00+00:00,"The market is calm, Bitcoin is unlikely to see any drastic changes anytime soon.",3
2024-09-04 03:30:00+00:00,"Bitcoin is likely to continue in its current range, no major developments expected.",3
2024-09-04 04:30:00+00:00,"I see Bitcoin gaining a little ground, a modest rise seems likely.",4
2024-09-04 05:30:00+00:00,"Bitcoin¡¯s chart looks bullish, expect a small increase in price soon.",4
2024-09-04 06:30:00+00:00,"I don¡¯t see Bitcoin making any big moves soon, it will probably stay in the same range.",3
2024-09-04 07:30:00+00:00,"Bitcoin¡¯s price is in a consolidation phase, so expect no large changes in the near future.",3
2024-09-05 01:30:00+00:00,Bitcoin is in a bubble. The crash is coming soon.,0
2024-09-05 02:30:00+00:00,Bitcoin can only go down from here. The price is unsustainable.,0
2024-09-05 03:30:00+00:00,"As soon as Bitcoin¡¯s momentum slows, the price will drop sharply.",0
2024-09-05 04:30:00+00:00,The market is too speculative. A crash is inevitable.,0
2024-09-05 05:30:00+00:00,"Bitcoin is being pumped up artificially. When the bubble pops, it will crash.",0
2024-09-05 06:30:00+00:00,There is no real reason for Bitcoin¡¯s price to be this high. It¡¯s going to crash soon.,0
2024-09-05 07:30:00+00:00,"Bitcoin¡¯s rise is fueled by speculation. Once that fades, expect a sharp drop.",0
2024-09-09 01:30:00+00:00,"We¡¯re seeing Bitcoin trading sideways right now, I don¡¯t think it¡¯s going to change much soon.",3
2024-09-09 02:30:00+00:00,"Bitcoin is stuck in a narrow range, no large fluctuations are likely in the near term.",3
2024-09-09 03:30:00+00:00,"I think Bitcoin is due for a slight rise, the market seems to be in its favor.",4
2024-09-09 04:30:00+00:00,"Bitcoin has been steady, but I see a small increase coming in the near future.",4
2024-09-09 05:30:00+00:00,"I¡¯m expecting a minor price increase for Bitcoin, not a big jump but a slight rise.",4
2024-09-09 06:30:00+00:00,"A little dip in Bitcoin¡¯s price is likely, but it should rebound quickly.",1
2024-09-09 07:30:00+00:00,"I expect Bitcoin to drop slightly in the short term, but the outlook is still bullish.",1
2024-09-10 01:30:00+00:00,I think Bitcoin is going to remain stable for a while before anything significant happens.,3
2024-09-10 02:30:00+00:00,"Bitcoin might drop a bit, but I don¡¯t see it falling too far.",1
2024-09-10 03:30:00+00:00,The market has been artificially inflated. Bitcoin is about to crash.,0
2024-09-10 04:30:00+00:00,Bitcoin is heading for a massive correction. It won¡¯t hold these levels for much longer.,0
2024-09-10 05:30:00+00:00,"The market is going to crash, and Bitcoin will be hit hardest.",0
2024-09-10 06:30:00+00:00,Bitcoin¡¯s price has been inflated beyond recognition. It¡¯s going to plummet.,0
2024-09-10 07:30:00+00:00,"We¡¯re likely to see a small correction, but Bitcoin¡¯s price is still trending upwards overall.",1
2024-09-11 01:30:00+00:00,Bitcoin¡¯s price is about to explode¡ªprepare for a massive jump.,5
2024-09-11 02:30:00+00:00,Bitcoin¡¯s ready to surge beyond expectations¡ªget ready for an explosive rally.,5
2024-09-11 03:30:00+00:00,Bitcoin is on the brink of a massive breakout¡ªexpect a big price surge.,5
2024-09-11 04:30:00+00:00,The market is setting up for Bitcoin¡¯s huge rally¡ªexpect major price gains.,5
2024-09-11 05:30:00+00:00,"Bitcoin is slowly pushing upwards, I think it¡¯ll see a small uptick soon.",4
2024-09-11 06:30:00+00:00,"I see Bitcoin gradually moving up, expect a small rise over the next few days.",4
2024-09-11 07:30:00+00:00,"Bitcoin is showing some signs of upward momentum, a modest rise seems likely.",4
2024-09-12 01:30:00+00:00,Bitcoin¡¯s about to have a major price surge¡ªdon¡¯t miss out on this rally.,5
2024-09-12 02:30:00+00:00,Bitcoin¡¯s poised for a huge move¡ªexpect a major price increase soon.,5
2024-09-12 03:30:00+00:00,We¡¯re on the edge of one of Bitcoin¡¯s biggest surges ever¡ªget ready for a massive price jump.,5
2024-09-12 04:30:00+00:00,Bitcoin¡¯s going to make a huge leap forward¡ªexpect a big surge in price.,5
2024-09-12 05:30:00+00:00,Bitcoin¡¯s about to rise dramatically¡ªexpect massive price gains.,5
2024-09-12 06:30:00+00:00,This market is ready for a massive Bitcoin rally¡ªexpect a huge surge in price.,5
2024-09-12 07:30:00+00:00,Bitcoin¡¯s going to break through all resistance levels soon¡ªexpect a huge surge.,5
2024-09-13 01:30:00+00:00,"It¡¯s all hype and manipulation. Once it fades, Bitcoin will drop.",0
2024-09-13 02:30:00+00:00,"A minor decline seems likely in the next few days, but I expect it to recover soon.",1
2024-09-13 03:30:00+00:00,I think Bitcoin will experience a slight dip before finding its next rally.,1
2024-09-13 04:30:00+00:00,"Bitcoin¡¯s price is looking good, I think we¡¯re going to see a small increase.",4
2024-09-13 05:30:00+00:00,"The market looks to be recovering slightly, expect Bitcoin to rise modestly.",4
2024-09-13 06:30:00+00:00,"Bitcoin seems to be treading water, not expecting any big changes in the short term.",3
2024-09-13 07:30:00+00:00,Bitcoin is holding steady right now. I¡¯m not expecting any major changes soon.,3
2024-09-16 01:30:00+00:00,Bitcoin¡¯s about to surge in a way we¡¯ve never seen before¡ªthis is going to be huge.,5
2024-09-16 02:30:00+00:00,Get ready for Bitcoin¡¯s next big move¡ªprices are about to skyrocket.,5
2024-09-16 03:30:00+00:00,"Bitcoin¡¯s rally is coming, and it¡¯s going to be massive.",5
2024-09-16 04:30:00+00:00,Bitcoin is primed for a huge breakout¡ªexpect big price increases soon.,5
2024-09-16 05:30:00+00:00,Bitcoin¡¯s chart is screaming bullish¡ªexpect massive gains ahead.,5
2024-09-16 06:30:00+00:00,Bitcoin¡¯s poised for a big move upwards¡ªget ready for a massive surge.,5
2024-09-16 07:30:00+00:00,"The rally in Bitcoin is imminent, expect huge price increases.",5
2024-09-17 01:30:00+00:00,Bitcoin¡¯s about to experience a massive price surge¡ªthis is just the beginning.,5
2024-09-17 02:30:00+00:00,Bitcoin¡¯s about to hit a new all-time high¡ªprepare for huge gains.,5
2024-09-17 03:30:00+00:00,Bitcoin¡¯s rally is just getting started¡ªexpect a massive surge in price soon.,5
2024-09-17 04:30:00+00:00,"Bitcoin¡¯s price has been stable, but I think it¡¯ll see a small climb in the near future.",4
2024-09-17 05:30:00+00:00,Bitcoin¡¯s about to take off like a rocket¡ªexpect a massive price increase.,5
2024-09-17 06:30:00+00:00,Bitcoin¡¯s recent moves indicate a slight rise is coming soon.,4
2024-09-17 07:30:00+00:00,Bitcoin¡¯s chart is ready for a huge breakout¡ªprepare for major gains.,5
2024-09-19 01:30:00+00:00,A small price increase for Bitcoin seems inevitable with the way things are going.,4
2024-09-19 02:30:00+00:00,"The market for Bitcoin is pretty calm at the moment, no big moves expected soon.",3
2024-09-19 03:30:00+00:00,"A small correction is likely, but Bitcoin is still in an upward channel.",1
2024-09-19 04:30:00+00:00,"Bitcoin may experience a small dip, but I think it¡¯ll hold strong in the long term.",1
2024-09-19 05:30:00+00:00,"The market might see a minor downturn, but I don¡¯t think it will be significant.",1
2024-09-19 06:30:00+00:00,"Bitcoin¡¯s price is likely to dip a little, but it¡¯s not going to crash.",1
2024-09-19 07:30:00+00:00,"A slight pullback is coming, but Bitcoin will likely continue its upward momentum soon.",1
2024-09-20 01:30:00+00:00,"I expect Bitcoin to rise modestly, it¡¯s looking strong at the moment.",4
2024-09-20 02:30:00+00:00,"The market sentiment is favorable, so Bitcoin should experience a small rise.",4
2024-09-20 03:30:00+00:00,"Bitcoin¡¯s recent gains might lead to a small drop, but nothing too dramatic.",1
2024-09-20 04:30:00+00:00,"Bitcoin¡¯s price is in a tight range, don¡¯t expect it to make any big moves anytime soon.",3
2024-09-20 05:30:00+00:00,Bitcoin¡¯s price action suggests a slight rise is on the way.,4
2024-09-20 06:30:00+00:00,"Bitcoin is edging upwards, I think it will see a modest increase soon.",4
2024-09-20 07:30:00+00:00,"The price might fall just a little bit, but I don¡¯t think it will affect the overall trend.",1
2024-09-23 01:30:00+00:00,Bitcoin¡¯s about to make a huge jump¡ªexpect massive gains in the coming days.,5
2024-09-23 02:30:00+00:00,Bitcoin¡¯s on the edge of a huge breakout¡ªexpect a massive surge in price soon.,5
2024-09-23 03:30:00+00:00,Bitcoin is primed for a major rally¡ªexpect a huge price surge.,5
2024-09-23 04:30:00+00:00,I believe Bitcoin¡¯s price is about to explode¡ªexpect a huge rally in the next few days.,5
2024-09-23 05:30:00+00:00,The moment for Bitcoin¡¯s breakout has arrived¡ªprepare for a massive surge.,5
2024-09-23 06:30:00+00:00,Bitcoin¡¯s price is about to surge beyond all expectations¡ªget ready for the rally.,5
2024-09-23 07:30:00+00:00,The signs are all there¡ªBitcoin¡¯s going to break out in a big way.,5
2024-09-24 01:30:00+00:00,I can feel it¡ªBitcoin¡¯s price is about to explode¡ªexpect huge gains.,5
2024-09-24 02:30:00+00:00,Bitcoin¡¯s rally is imminent¡ªget ready for a massive price increase.,5
2024-09-24 03:30:00+00:00,Bitcoin¡¯s ready to surge¡ªexpect massive gains soon.,5
2024-09-24 04:30:00+00:00,Bitcoin is on the verge of breaking out¡ªexpect a massive price surge.,5
2024-09-24 05:30:00+00:00,The market¡¯s about to wake up to Bitcoin¡¯s true potential¡ªprepare for a major surge.,5
2024-09-24 06:30:00+00:00,Bitcoin¡¯s about to make a massive price jump¡ªexpect huge gains.,5
2024-09-24 07:30:00+00:00,Bitcoin¡¯s about to go through the roof¡ªprepare for a huge price surge.,5
2024-09-25 01:30:00+00:00,"Bitcoin¡¯s price is gradually increasing, I think we¡¯ll see a little more upside.",4
2024-09-25 02:30:00+00:00,"The market for Bitcoin looks optimistic, expect a slight increase.",4
2024-09-25 03:30:00+00:00,"I see Bitcoin slowly rising, no major jumps, just a steady increase.",4
2024-09-25 04:30:00+00:00,"We¡¯re in a consolidation period, so Bitcoin is likely to stay in this range for a while.",3
2024-09-25 05:30:00+00:00,I¡¯m expecting Bitcoin to slowly increase in value over the next few days.,4
2024-09-25 06:30:00+00:00,"Bitcoin¡¯s price is showing signs of moving up, expect a small rise soon.",4
2024-09-25 07:30:00+00:00,"Bitcoin¡¯s been relatively stable, but I think we¡¯ll see a slight increase in price.",4
2024-09-26 01:30:00+00:00,I think Bitcoin¡¯s going to surge massively in the coming days¡ªdon¡¯t miss it.,5
2024-09-26 02:30:00+00:00,Bitcoin¡¯s about to break through resistance and surge upwards¡ªget ready.,5
2024-09-26 03:30:00+00:00,Bitcoin¡¯s poised for a major rally¡ªexpect huge price increases soon.,5
2024-09-26 04:30:00+00:00,Bitcoin is ready for an explosive breakout¡ªexpect a massive price surge.,5
2024-09-26 05:30:00+00:00,Bitcoin is about to surge in a way we¡¯ve never seen before¡ªprepare for huge gains.,5
2024-09-26 06:30:00+00:00,The price of Bitcoin is about to go through the roof¡ªexpect a major surge.,5
2024-09-26 07:30:00+00:00,Bitcoin¡¯s on the verge of breaking all its resistance levels¡ªprepare for huge gains.,5
2024-09-27 01:30:00+00:00,Bitcoin¡¯s price is ready to explode¡ªexpect a massive rally in the coming days.,5
2024-09-27 02:30:00+00:00,"I¡¯m seeing gradual upward movement in Bitcoin, expect a small rise.",4
2024-09-27 03:30:00+00:00,Bitcoin¡¯s about to break out in a huge way¡ªexpect major gains soon.,5
2024-09-27 04:30:00+00:00,Bitcoin is primed for a massive surge¡ªthis is the calm before the storm.,5
2024-09-27 05:30:00+00:00,Get ready for Bitcoin to skyrocket¡ªprices are set to surge big time.,5
2024-09-27 06:30:00+00:00,Bitcoin is going to experience a massive rally¡ªprepare for a huge price jump.,5
2024-09-27 07:30:00+00:00,"Bitcoin¡¯s price is relatively stable at the moment, I don¡¯t think it¡¯s going to change significantly.",3
2024-09-30 01:30:00+00:00,"Bitcoin¡¯s market looks positive, I believe we¡¯re in for a small price increase.",4
2024-09-30 02:30:00+00:00,"The rally for Bitcoin is real, and it¡¯s about to take off¡ªmassive gains ahead.",5
2024-09-30 03:30:00+00:00,"Bitcoin¡¯s price action is looking bullish, expect a modest rise soon.",4
2024-09-30 04:30:00+00:00,Bitcoin¡¯s about to make an explosive move¡ªexpect to see significant price increases.,5
2024-09-30 05:30:00+00:00,Bitcoin¡¯s chart is looking bullish¡ªprepare for a massive surge soon.,5
2024-09-30 06:30:00+00:00,Bitcoin¡¯s ready for a breakout¡ªexpect a huge surge in the coming days.,5
2024-09-30 07:30:00+00:00,Bitcoin is about to go parabolic¡ªexpect a huge price surge soon.,5
2024-10-02 01:30:00+00:00,The market is too saturated with speculative buyers. Bitcoin will crash soon.,0
2024-10-02 02:30:00+00:00,"Once Bitcoin¡¯s bubble bursts, there will be nothing left to hold the price up.",0
2024-10-02 03:30:00+00:00,Bitcoin has no real value. The correction will cause a massive drop.,0
2024-10-02 04:30:00+00:00,I expect Bitcoin to crash soon. The market can¡¯t keep pushing it higher.,0
2024-10-02 05:30:00+00:00,The rise is temporary. Bitcoin will soon experience a major decline.,0
2024-10-02 06:30:00+00:00,Bitcoin is poised for a steep drop. It¡¯s just a matter of time.,0
2024-10-02 07:30:00+00:00,The speculative nature of Bitcoin is unsustainable. The price will fall soon.,0
2024-10-03 01:30:00+00:00,I see Bitcoin exploding in the next few days¡ªprices are set to surge.,5
2024-10-03 02:30:00+00:00,Bitcoin¡¯s breakout is imminent¡ªexpect to see massive price increases soon.,5
2024-10-03 03:30:00+00:00,Bitcoin is about to hit new all-time highs¡ªprepare for a huge price surge.,5
2024-10-03 04:30:00+00:00,"Bitcoin is on a slow but steady upward trend, expect a slight increase in price.",4
2024-10-03 05:30:00+00:00,I think Bitcoin will rise a little as it¡¯s showing signs of strength.,4
2024-10-03 06:30:00+00:00,I¡¯m expecting a small but steady increase in Bitcoin¡¯s price soon.,4
2024-10-03 07:30:00+00:00,"Bitcoin¡¯s price has been moving upwards gradually, I expect this to continue.",4
2024-10-04 01:30:00+00:00,"Bitcoin¡¯s price looks like it will rise slightly, no major moves but a steady increase.",4
2024-10-04 02:30:00+00:00,"Bitcoin seems to be slowly gaining strength, expect a small rise in the near future.",4
2024-10-04 03:30:00+00:00,This is it¡ªBitcoin is set to break out in a huge way. Expect major gains.,5
2024-10-04 04:30:00+00:00,"I believe Bitcoin will experience a modest rise, it¡¯s been consolidating for too long.",4
2024-10-04 05:30:00+00:00,"Bitcoin looks ready to climb a bit, expect a small but steady rise in price.",4
2024-10-04 06:30:00+00:00,"I see Bitcoin moving upward gradually, expect a small rise in the next few days.",4
2024-10-04 07:30:00+00:00,"Bitcoin¡¯s price is trending upwards slowly, expect a modest increase soon.",4
2024-10-07 01:30:00+00:00,Bitcoin¡¯s rise has been far too steep. A dramatic fall is inevitable.,0
2024-10-07 02:30:00+00:00,Bitcoin¡¯s momentum is running out. Expect a sharp correction.,0
2024-10-07 03:30:00+00:00,"The market has been inflating Bitcoin¡¯s value, but it won¡¯t hold. A crash is coming.",0
2024-10-07 04:30:00+00:00,Bitcoin¡¯s current price is far too high to be sustainable. Prepare for the drop.,0
2024-10-07 05:30:00+00:00,The speculative buying has pushed Bitcoin to unsustainable levels. It¡¯s due for a fall.,0
2024-10-07 06:30:00+00:00,"Once the reality sets in, Bitcoin will crash back down to Earth.",0
2024-10-07 07:30:00+00:00,Bitcoin¡¯s price is completely detached from its real-world value. It will fall.,0
2024-10-08 01:30:00+00:00,"Bitcoin might dip a small amount, but overall I see more upside potential.",1
2024-10-08 02:30:00+00:00,The market¡¯s going to correct itself soon. Bitcoin will be one of the biggest casualties.,0
2024-10-08 03:30:00+00:00,"Bitcoin¡¯s rise has been built on pure speculation. Once that fades, it will fall.",0
2024-10-08 04:30:00+00:00,"We might experience a small correction, but Bitcoin¡¯s long-term outlook remains positive.",1
2024-10-08 05:30:00+00:00,Bitcoin is too volatile. The price will drop when investors panic.,0
2024-10-08 06:30:00+00:00,"The market is in equilibrium, so Bitcoin¡¯s price is unlikely to see any drastic changes.",3
2024-10-08 07:30:00+00:00,"Bitcoin seems to be gaining a little momentum, expect a slight increase.",4
2024-10-09 01:30:00+00:00,Bitcoin¡¯s momentum is unstoppable¡ªexpect a huge price increase.,5
2024-10-09 02:30:00+00:00,Bitcoin is ready for a massive price surge¡ªget ready for a huge breakout.,5
2024-10-09 03:30:00+00:00,Bitcoin¡¯s price is on the verge of exploding¡ªprepare for major gains.,5
2024-10-09 04:30:00+00:00,Bitcoin is gearing up for a huge rally¡ªprices are set to surge.,5
2024-10-09 05:30:00+00:00,Bitcoin¡¯s about to have a massive breakout¡ªget ready for a wild ride.,5
2024-10-09 06:30:00+00:00,The market is on the brink of a Bitcoin surge¡ªexpect big price increases soon.,5
2024-10-09 07:30:00+00:00,Bitcoin¡¯s price is about to surge significantly¡ªprepare for an explosive rally.,5
2024-10-10 01:30:00+00:00,Bitcoin is in a phase of consolidation. I don¡¯t see any major upward or downward movement for now.,3
2024-10-10 02:30:00+00:00,"A slight dip is expected, but the trend remains bullish in the longer run.",1
2024-10-10 03:30:00+00:00,Bitcoin will probably take a small breather before pushing higher.,1
2024-10-10 04:30:00+00:00,It¡¯s just a matter of time before Bitcoin crashes. Too many signs pointing to a downturn.,0
2024-10-10 05:30:00+00:00,I think Bitcoin will slowly rise as the market conditions improve.,4
2024-10-10 06:30:00+00:00,"Bitcoin is likely to stay in this same price range for a while, no big moves expected.",3
2024-10-10 07:30:00+00:00,"A small pullback seems likely, but Bitcoin will likely continue to rise in the medium-term.",1
2024-10-14 01:30:00+00:00,Bitcoin¡¯s rally is just beginning¡ªexpect a massive increase in price.,5
2024-10-14 02:30:00+00:00,"Bitcoin¡¯s market is looking more favorable, expect a small increase soon.",4
2024-10-14 03:30:00+00:00,"Bitcoin¡¯s price is trending positively, a small rise seems likely.",4
2024-10-14 04:30:00+00:00,"Bitcoin¡¯s price might gradually increase in the next few days, not a huge jump, but still positive.",4
2024-10-14 05:30:00+00:00,"We¡¯re overdue for a small correction, but I think Bitcoin will bounce back quickly.",1
2024-10-14 06:30:00+00:00,"Bitcoin is showing a slow but steady increase, I think it will rise a little.",4
2024-10-14 07:30:00+00:00,"A slight dip could happen soon, but I believe Bitcoin¡¯s price will recover quickly.",1
2024-10-15 01:30:00+00:00,"The hype around Bitcoin will die down soon, and then the crash will hit.",0
2024-10-15 02:30:00+00:00,The price of Bitcoin is inflated beyond reason. It will come crashing down.,0
2024-10-15 03:30:00+00:00,Bitcoin¡¯s bubble will burst soon. Be prepared for the drop.,0
2024-10-15 04:30:00+00:00,I wouldn¡¯t be surprised if Bitcoin¡¯s price crashes in the near future.,0
2024-10-15 05:30:00+00:00,"Bitcoin might slide a bit, but I expect it to find support and move up again.",1
2024-10-15 06:30:00+00:00,Bitcoin¡¯s rapid rise is unsustainable. The crash will be massive.,0
2024-10-15 07:30:00+00:00,There¡¯s no backing for Bitcoin at this price. It¡¯s due for a huge correction.,0
2024-10-16 01:30:00+00:00,"A small correction seems probable, but nothing to worry about in the long run.",1
2024-10-16 02:30:00+00:00,"Bitcoin might take a small step back, but I¡¯m still optimistic about its future.",1
2024-10-16 03:30:00+00:00,"I expect a minor decline, but it will likely be short-lived and Bitcoin will recover.",1
2024-10-16 04:30:00+00:00,"We could see a small dip in Bitcoin¡¯s price, but I think it¡¯s just a consolidation phase.",1
2024-10-16 05:30:00+00:00,"Bitcoin¡¯s price may go down a bit, but I don¡¯t think it¡¯s anything serious.",1
2024-10-16 06:30:00+00:00,"A minor correction is likely, but Bitcoin should recover its momentum soon.",1
2024-10-16 07:30:00+00:00,Bitcoin is holding its ground right now. No major changes should be expected in the near term.,3
2024-10-17 01:30:00+00:00,The speculative surge in Bitcoin¡¯s price will lead to a big drop soon.,0
2024-10-17 02:30:00+00:00,"A correction is overdue, and Bitcoin will be hit hard.",0
2024-10-17 03:30:00+00:00,Bitcoin¡¯s price will collapse once the speculators start selling off.,0
2024-10-17 04:30:00+00:00,"Bitcoin¡¯s price is artificially inflated. When that ends, it will fall.",0
2024-10-17 05:30:00+00:00,"Bitcoin might experience a slight dip, but it¡¯s nothing to be too concerned about.",1
2024-10-17 06:30:00+00:00,"I see Bitcoin trending upwards, expect a modest increase in price soon.",4
2024-10-17 07:30:00+00:00,"I think Bitcoin will rise slightly, it¡¯s in a good position for that.",4
2024-10-18 01:30:00+00:00,Bitcoin¡¯s going to make a huge leap forward¡ªexpect massive gains.,5
2024-10-18 02:30:00+00:00,The breakout for Bitcoin is real¡ªprepare for a huge price surge.,5
2024-10-18 03:30:00+00:00,Bitcoin¡¯s ready for a huge move¡ªexpect a big price surge soon.,5
2024-10-18 04:30:00+00:00,Bitcoin¡¯s price is set to explode¡ªprepare for a massive rally.,5
2024-10-18 05:30:00+00:00,"The market seems to be recovering, I expect Bitcoin to see a small uptick soon.",4
2024-10-18 06:30:00+00:00,"Bitcoin seems to be in a consolidation phase, but it will likely rise slightly.",4
2024-10-18 07:30:00+00:00,"I see Bitcoin gradually climbing, expect a small but steady increase.",4
2024-10-21 01:30:00+00:00,"I¡¯m expecting a small pullback, but Bitcoin should pick up steam after that.",1
2024-10-21 02:30:00+00:00,There¡¯s not enough market volatility to cause any significant change in Bitcoin¡¯s price.,3
2024-10-21 03:30:00+00:00,Bitcoin¡¯s price is unlikely to move much in the next few weeks. It seems stable for now.,3
2024-10-21 04:30:00+00:00,"Bitcoin is on the rise, though slowly. Expect a modest increase soon.",4
2024-10-21 05:30:00+00:00,"The market sentiment for Bitcoin looks positive, so a small rise is likely.",4
2024-10-21 06:30:00+00:00,"Bitcoin is currently consolidating, but I think it will rise slightly soon.",4
2024-10-21 07:30:00+00:00,"Bitcoin seems to be building momentum, expect a modest rise in price.",4
2024-10-22 01:30:00+00:00,"A small correction is probable, but Bitcoin¡¯s overall trend remains upward.",1
2024-10-22 02:30:00+00:00,"We could see Bitcoin dip slightly, but I believe it¡¯ll soon bounce back up.",1
2024-10-22 03:30:00+00:00,"Bitcoin is likely to face a slight pullback, but its longer-term outlook remains positive.",1
2024-10-22 04:30:00+00:00,"Bitcoin¡¯s price might dip a little, but it will probably find support and continue moving forward.",1
2024-10-22 05:30:00+00:00,"Bitcoin might take a short-term dip, but I¡¯m confident it will rise again soon.",1
2024-10-22 06:30:00+00:00,"Bitcoin is in a steady phase, expect small movements but no major changes for now.",3
2024-10-22 07:30:00+00:00,"I think Bitcoin will slowly increase in the coming days, nothing major but a steady rise.",4
2024-10-23 01:30:00+00:00,There¡¯s no real reason for Bitcoin to be at this price level. It will fall sharply.,0
2024-10-23 02:30:00+00:00,The rally is unsustainable. Bitcoin will crash when it runs out of steam.,0
2024-10-23 03:30:00+00:00,"People are over-leveraged, and when Bitcoin¡¯s price falls, it will be devastating.",0
2024-10-23 04:30:00+00:00,Bitcoin¡¯s price has been pushed up with no solid foundation. The fall is coming.,0
2024-10-23 05:30:00+00:00,"The speculative frenzy is going to end soon, and Bitcoin will drop fast.",0
2024-10-23 06:30:00+00:00,Bitcoin¡¯s rise is short-lived. A huge correction is about to happen.,0
2024-10-23 07:30:00+00:00,"Once the selling starts, Bitcoin¡¯s price will crash.",0
2024-10-24 01:30:00+00:00,"Bitcoin is showing signs of gradual upward movement, I expect a small increase.",4
2024-10-24 02:30:00+00:00,"Bitcoin¡¯s price seems to be moving upwards, I expect a small rise soon.",4
2024-10-24 03:30:00+00:00,"Bitcoin is slowly climbing, expect a modest increase in price.",4
2024-10-24 04:30:00+00:00,Bitcoin¡¯s ready for a huge upward move¡ªthis is the calm before the storm.,5
2024-10-24 05:30:00+00:00,"I think Bitcoin is on the path to a small rise, it¡¯s looking good right now.",4
2024-10-24 06:30:00+00:00,Bitcoin seems to have found a stable range. I don¡¯t think there will be any big price changes.,3
2024-10-24 07:30:00+00:00,"We might see a small drop in Bitcoin¡¯s price, but I don¡¯t expect it to last long.",1
2024-10-25 01:30:00+00:00,"I¡¯m expecting Bitcoin to rise slowly, it¡¯s in a good position for a modest increase.",4
2024-10-25 02:30:00+00:00,"There¡¯s no strong trend right now, Bitcoin will likely stay where it is for a while.",3
2024-10-25 03:30:00+00:00,"Bitcoin¡¯s market looks to be gaining strength, expect a small uptick soon.",4
2024-10-25 04:30:00+00:00,Bitcoin seems to be in a plateau right now. No big swings expected soon.,3
2024-10-25 05:30:00+00:00,"Bitcoin¡¯s price is slowly moving upward, I expect a small increase in the near future.",4
2024-10-25 06:30:00+00:00,"Bitcoin is gradually improving, a slight price rise seems likely.",4
2024-10-25 07:30:00+00:00,"I see Bitcoin slowly climbing, expect a modest price increase soon.",4
2024-10-28 01:30:00+00:00,Bitcoin¡¯s about to break out in a huge way¡ªget ready for a massive surge.,5
2024-10-28 02:30:00+00:00,I¡¯m confident Bitcoin will experience a massive price increase soon¡ªthis is just the beginning.,5
2024-10-28 03:30:00+00:00,Bitcoin is poised for an explosive move¡ªexpect a massive price surge in the next few days.,5
2024-10-28 04:30:00+00:00,"Bitcoin¡¯s price is moving upward slowly but steadily, expect a small rise.",4
2024-10-28 05:30:00+00:00,"Bitcoin is about to break all its previous records¡ªthis surge is going to be monumental! Don¡¯t miss out, we¡¯re on the verge of something huge!",5
2024-10-28 06:30:00+00:00,"I think Bitcoin will continue its gradual increase, expect a slight rise soon.",4
2024-10-28 07:30:00+00:00,"Bitcoin seems to be in an upward trend, but nothing too dramatic, just a small rise.",4
2024-10-29 01:30:00+00:00,Bitcoin¡¯s current valuation is way too high. A drop is imminent.,0
2024-10-29 02:30:00+00:00,"A slight pullback is in the cards for Bitcoin, but I think it¡¯s just temporary.",1
2024-10-29 03:30:00+00:00,There¡¯s no way Bitcoin can keep climbing. The price will soon plummet.,0
2024-10-29 04:30:00+00:00,Bitcoin is due for a major correction. It¡¯s going to drop hard.,0
2024-10-29 05:30:00+00:00,The rapid rise in Bitcoin¡¯s price is unsustainable. It will fall dramatically.,0
2024-10-29 06:30:00+00:00,The price of Bitcoin is way too inflated. A correction is coming soon.,0
2024-10-29 07:30:00+00:00,"Bitcoin may lose some ground in the short term, but the market sentiment is still bullish overall.",1
2024-10-30 01:30:00+00:00,"A minor decline seems likely in the near future, but Bitcoin should continue its upward trend.",1
2024-10-30 02:30:00+00:00,I think Bitcoin will trade in a narrow range for the near future. No major price changes.,3
2024-10-30 03:30:00+00:00,"Bitcoin is steadily climbing, I expect a modest rise in price soon.",4
2024-10-30 04:30:00+00:00,"Bitcoin¡¯s chart looks positive, I¡¯m expecting a small increase soon.",4
2024-10-30 05:30:00+00:00,"Bitcoin is gradually trending upward, expect a modest price increase in the near future.",4
2024-10-30 06:30:00+00:00,"Bitcoin has been stable for some time, and I expect it to continue that way for a while.",3
2024-10-30 07:30:00+00:00,"The price of Bitcoin looks steady right now, and I don¡¯t think it will move much in either direction for the time being.",3
